{
    "__comment": "Model generated using MrCrayfish's Model Creator (https://mrcrayfish.com/tools?id=mc)",
    "textures": {
        "red_concrete": "minecraft:block/red_concrete",
        "black_concrete": "minecraft:block/black_concrete",
        "white_stained_glass": "minecraft:block/white_stained_glass",
        "light_gray_concrete": "minecraft:block/light_gray_concrete"
    },
    "display": {
        "gui": {
            "rotation": [ 30, 233, 0 ],
            "translation": [ 0, 2.9, 0 ],
            "scale": [ 1.25, 1.25, 1.25 ]
        },
        "ground": {
            "rotation": [ 0, 0, 0 ],
            "translation": [ 0, 3, 0 ],
            "scale": [ 0.5, 0.5, 0.5 ]
        },
        "fixed": {
            "rotation": [ 270, 0, 0 ],
            "translation": [ 0, 0, -8 ],
            "scale": [ 1.5, 1.5, 1.5 ]
        },
        "firstperson_righthand": {
            "rotation": [ 0, 197, 0 ],
            "translation": [ -1, 3.5, 0 ],
            "scale": [ 1, 1, 1 ]
        },
        "thirdperson_righthand": {
            "rotation": [ 18, 323, 0 ],
            "translation": [ 0, 3.5, 1 ],
            "scale": [ 0.5, 0.5, 0.5 ]
        }
    },
    "elements": [
        {
            "from": [ 5, 0, 5 ], 
            "to": [ 11, 4, 11 ], 
            "faces": {
                "north": { "texture": "#black_concrete", "uv": [ 0, 0, 6, 4 ] },
                "east": { "texture": "#black_concrete", "uv": [ 0, 0, 6, 4 ] },
                "south": { "texture": "#black_concrete", "uv": [ 0, 0, 6, 4 ] },
                "west": { "texture": "#black_concrete", "uv": [ 0, 0, 6, 4 ] },
                "up": { "texture": "#black_concrete", "uv": [ 0, 0, 6, 6 ] },
                "down": { "texture": "#black_concrete", "uv": [ 0, 0, 6, 6 ] }
            }
        },
        {
            "from": [ 5.5, 4, 5.5 ], 
            "to": [ 10.5, 10.5, 10.5 ], 
            "faces": {
                "north": { "texture": "#white_stained_glass", "uv": [ 1, 1, 6, 7.5 ] },
                "east": { "texture": "#white_stained_glass", "uv": [ 10, 1, 15, 7.5 ] },
                "south": { "texture": "#white_stained_glass", "uv": [ 3, 5, 8, 11.5 ] },
                "west": { "texture": "#white_stained_glass", "uv": [ 1, 1, 6, 7.5 ] },
                "up": { "texture": "#white_stained_glass", "uv": [ 0, 1, 5, 6 ] }
            }
        },
        {
            "from": [ 7.5, 4.4, 4.5 ], 
            "to": [ 8.5, 5.4, 5.5 ], 
            "faces": {
                "east": { "texture": "#light_gray_concrete", "uv": [ 0, 0, 1, 1 ] },
                "west": { "texture": "#light_gray_concrete", "uv": [ 0, 0, 1, 1 ] },
                "up": { "texture": "#light_gray_concrete", "uv": [ 0, 0, 1, 1 ] },
                "down": { "texture": "#light_gray_concrete", "uv": [ 0, 0, 1, 1 ] }
            }
        },
        {
            "from": [ 7.5, 9.1, 4.5 ], 
            "to": [ 8.5, 10.1, 5.5 ], 
            "faces": {
                "east": { "texture": "#light_gray_concrete", "uv": [ 0, 0, 1, 1 ] },
                "west": { "texture": "#light_gray_concrete", "uv": [ 0, 0, 1, 1 ] },
                "up": { "texture": "#light_gray_concrete", "uv": [ 0, 0, 1, 1 ] },
                "down": { "texture": "#light_gray_concrete", "uv": [ 0, 0, 1, 1 ] }
            }
        },
        {
            "from": [ 7.5, 4.4, 3.5 ], 
            "to": [ 8.5, 10.1, 4.5 ], 
            "faces": {
                "north": { "texture": "#light_gray_concrete", "uv": [ 0, 0, 1, 5.7 ] },
                "east": { "texture": "#light_gray_concrete", "uv": [ 0, 0, 1, 5.7 ] },
                "south": { "texture": "#light_gray_concrete", "uv": [ 0, 0, 1, 5.7 ] },
                "west": { "texture": "#light_gray_concrete", "uv": [ 0, 0, 1, 5.7 ] },
                "up": { "texture": "#light_gray_concrete", "uv": [ 0, 0, 1, 1 ] },
                "down": { "texture": "#light_gray_concrete", "uv": [ 0, 0, 1, 1 ] }
            }
        },
        {
            "from": [ 5.6, 10, 5.6 ], 
            "to": [ 10.4, 11, 10.4 ], 
            "faces": {
                "north": { "texture": "#black_concrete", "uv": [ 0, 0, 4.8, 1 ] },
                "east": { "texture": "#black_concrete", "uv": [ 0, 0, 4.8, 1 ] },
                "south": { "texture": "#black_concrete", "uv": [ 0, 0, 4.8, 1 ] },
                "west": { "texture": "#black_concrete", "uv": [ 0, 0, 4.8, 1 ] },
                "up": { "texture": "#black_concrete", "uv": [ 0, 0, 4.8, 4.8 ] }
            }
        },
        {
            "from": [ 7.5, 10.4, 7.5 ], 
            "to": [ 8.5, 11.4, 8.5 ], 
            "faces": {
                "north": { "texture": "#light_gray_concrete", "uv": [ 0, 0, 1, 1 ] },
                "east": { "texture": "#light_gray_concrete", "uv": [ 0, 0, 1, 1 ] },
                "south": { "texture": "#light_gray_concrete", "uv": [ 0, 0, 1, 1 ] },
                "west": { "texture": "#light_gray_concrete", "uv": [ 0, 0, 1, 1 ] },
                "up": { "texture": "#light_gray_concrete", "uv": [ 0, 0, 1, 1 ] }
            }
        },
        {
            "from": [ 10.3, 2.6, 9 ], 
            "to": [ 11.3, 3.6, 10 ], 
            "faces": {
                "north": { "texture": "#red_concrete", "uv": [ 0, 0, 1, 1 ] },
                "east": { "texture": "#red_concrete", "uv": [ 0, 0, 1, 1 ] },
                "south": { "texture": "#red_concrete", "uv": [ 0, 0, 1, 1 ] },
                "up": { "texture": "#red_concrete", "uv": [ 0, 0, 1, 1 ] },
                "down": { "texture": "#red_concrete", "uv": [ 0, 0, 1, 1 ] }
            }
        }
    ]
}