{
    "__comment": "Model generated using MrCrayfish's Model Creator (https://mrcrayfish.com/tools?id=mc)",
    "textures": {
        "cyan_terracotta": "minecraft:block/cyan_terracotta",
        "black_concrete": "minecraft:block/black_concrete",
        "light_gray_concrete": "minecraft:block/light_gray_concrete"
    },
    "display": {
        "gui": {
            "rotation": [ 30, 314, 0 ],
            "translation": [ 0, 2.5, 0 ],
            "scale": [ 1, 1, 1 ]
        },
        "ground": {
            "rotation": [ 0, 0, 0 ],
            "translation": [ 0, 3, 0 ],
            "scale": [ 0.25, 0.25, 0.25 ]
        },
        "fixed": {
            "rotation": [ 270, 180, 0 ],
            "translation": [ 0, 0, -8 ],
            "scale": [ 1, 1, 1 ]
        },
        "firstperson_righthand": {
            "rotation": [ 0, 181, 0 ],
            "translation": [ 0, 2.5, 0 ],
            "scale": [ 0.4, 0.4, 0.4 ]
        },
        "thirdperson_righthand": {
            "rotation": [ 15, 321, 0 ],
            "translation": [ 0, 1.5, 0 ],
            "scale": [ 0.375, 0.375, 0.375 ]
        }
    },
    "elements": [
        {
            "from": [ 4, 1, 4 ], 
            "to": [ 12, 9, 12 ], 
            "faces": {
                "north": { "texture": "#light_gray_concrete", "uv": [ 0, 0, 8, 8 ] },
                "east": { "texture": "#light_gray_concrete", "uv": [ 0, 0, 8, 8 ] },
                "south": { "texture": "#light_gray_concrete", "uv": [ 0, 0, 8, 8 ] },
                "west": { "texture": "#light_gray_concrete", "uv": [ 0, 0, 8, 8 ] }
            }
        },
        {
            "from": [ 3.5, 0, 3.5 ], 
            "to": [ 12.5, 1, 12.5 ], 
            "faces": {
                "north": { "texture": "#light_gray_concrete", "uv": [ 0, 0, 9, 1 ] },
                "east": { "texture": "#light_gray_concrete", "uv": [ 0, 0, 9, 1 ] },
                "south": { "texture": "#light_gray_concrete", "uv": [ 0, 0, 9, 1 ] },
                "west": { "texture": "#light_gray_concrete", "uv": [ 0, 0, 9, 1 ] },
                "up": { "texture": "#light_gray_concrete", "uv": [ 0, 0, 9, 9 ] },
                "down": { "texture": "#light_gray_concrete", "uv": [ 0, 0, 9, 9 ] }
            }
        },
        {
            "from": [ 3.5, 9, 3.5 ], 
            "to": [ 12.5, 10, 12.5 ], 
            "faces": {
                "north": { "texture": "#light_gray_concrete", "uv": [ 0, 0, 9, 1 ] },
                "east": { "texture": "#light_gray_concrete", "uv": [ 0, 0, 9, 1 ] },
                "south": { "texture": "#light_gray_concrete", "uv": [ 0, 0, 9, 1 ] },
                "west": { "texture": "#light_gray_concrete", "uv": [ 0, 0, 9, 1 ] },
                "up": { "texture": "#light_gray_concrete", "uv": [ 0, 0, 9, 9 ] },
                "down": { "texture": "#light_gray_concrete", "uv": [ 0, 0, 9, 9 ] }
            }
        },
        {
            "from": [ 5.5, 10, 7 ], 
            "to": [ 8.5, 10.5, 9 ], 
            "faces": {
                "north": { "texture": "#cyan_terracotta", "uv": [ 0, 0, 3, 0.5 ] },
                "east": { "texture": "#cyan_terracotta", "uv": [ 0, 0, 2, 0.5 ] },
                "south": { "texture": "#cyan_terracotta", "uv": [ 0, 0, 3, 0.5 ] },
                "west": { "texture": "#cyan_terracotta", "uv": [ 0, 0, 2, 0.5 ] },
                "up": { "texture": "#cyan_terracotta", "uv": [ 0, 0, 3, 2 ] }
            }
        },
        {
            "from": [ 8.5, 10, 7 ], 
            "to": [ 10.5, 10.1, 9 ], 
            "faces": {
                "north": { "texture": "#black_concrete", "uv": [ 0, 0, 2, 0.1 ] },
                "east": { "texture": "#black_concrete", "uv": [ 0, 0, 2, 0.1 ] },
                "south": { "texture": "#black_concrete", "uv": [ 0, 0, 2, 0.1 ] },
                "up": { "texture": "#black_concrete", "uv": [ 0, 0, 2, 2 ] }
            }
        }
    ]
}