{
	"parent": "item/handheld",
	"textures": {
		"layer0": "item/apple"
	},
	"overrides": [
		{ "predicate": {"custom_model_data": 50}, "model": "item/food/orange"},
		{ "predicate": {"custom_model_data": 51}, "model": "item/food/grape"},
		{ "predicate": {"custom_model_data": 52}, "model": "item/food/fruit/tomato"},
		{ "predicate": {"custom_model_data": 53}, "model": "item/food/banana"},
		{ "predicate": {"custom_model_data": 54}, "model": "item/food/lemon"},
		{ "predicate": {"custom_model_data": 55}, "model": "item/food/strawberry"},
		{ "predicate": {"custom_model_data": 56}, "model": "item/food/tea_leaves"}
	]
}