{
	"parent": "item/handheld",
	"textures": {
		"layer0": "item/beetroot"
	},
	"overrides": [
		{ "predicate": {"custom_model_data": 50}, "model": "item/food/fries"},
		{ "predicate": {"custom_model_data": 51}, "model": "item/food/corn_on_cob"},
		{ "predicate": {"custom_model_data": 52}, "model": "item/food/dough"},
		{ "predicate": {"custom_model_data": 53}, "model": "item/food/tomato_ketchup"},
		{ "predicate": {"custom_model_data": 54}, "model": "item/food/jam"},
		{ "predicate": {"custom_model_data": 55}, "model": "item/food/lettuce"},
		{ "predicate": {"custom_model_data": 56}, "model": "item/food/"}
	]
}