{
	"parent": "item/handheld",
	"textures": {
		"layer0": "item/beetroot_soup"
	},
	"overrides": [
		{ "predicate": {"custom_model_data": 50}, "model": "item/food/juice/orange_juice"},
		{ "predicate": {"custom_model_data": 51}, "model": "item/food/juice/apple_juice"},
		{ "predicate": {"custom_model_data": 52}, "model": "item/food/juice/grape_juice"},
		{ "predicate": {"custom_model_data": 53}, "model": "item/food/cereal"},
		{ "predicate": {"custom_model_data": 54}, "model": "item/food/"},
		{ "predicate": {"custom_model_data": 55}, "model": "item/food/apple_soda"},
		{ "predicate": {"custom_model_data": 56}, "model": "item/food/berry_soda"},
		{ "predicate": {"custom_model_data": 57}, "model": "item/food/grape_soda"},
		{ "predicate": {"custom_model_data": 58}, "model": "item/food/lemon_soda"},
		{ "predicate": {"custom_model_data": 59}, "model": "item/food/orange_soda"},
		{ "predicate": {"custom_model_data": 60}, "model": "item/food/strawberry_soda"},
		{ "predicate": {"custom_model_data": 61}, "model": "item/food/chocolate_milkshake"},
		{ "predicate": {"custom_model_data": 62}, "model": "item/food/banana_milkshake"},
		{ "predicate": {"custom_model_data": 63}, "model": "item/food/strawberry_milkshake"},
		{ "predicate": {"custom_model_data": 64}, "model": "item/food/hot_coffee"},
		{ "predicate": {"custom_model_data": 65}, "model": "item/food/hot_tea"},
		{ "predicate": {"custom_model_data": 66}, "model": "item/food/hot_cocoa"},
		{ "predicate": {"custom_model_data": 67}, "model": "item/food/coconut_milk"},
		{ "predicate": {"custom_model_data": 68}, "model": "item/food/juice/tomato_juice"},
		{ "predicate": {"custom_model_data": 69}, "model": "item/food/"},
		{ "predicate": {"custom_model_data": 70}, "model": "item/food/juice/berry_juice"},
		{ "predicate": {"custom_model_data": 71}, "model": "item/food/juice/strawberry_juice"},
		{ "predicate": {"custom_model_data": 72}, "model": "item/food/juice/mixed_fruit_juice"},
		{ "predicate": {"custom_model_data": 73}, "model": "item/food/juice/melon_juice"},
		{ "predicate": {"custom_model_data": 74}, "model": "item/food/juice/lemon_juice"},
		{ "predicate": {"custom_model_data": 75}, "model": "item/food/smoothie/banana_smoothie"},
		{ "predicate": {"custom_model_data": 76}, "model": "item/food/smoothie/berry_smoothie"},
		{ "predicate": {"custom_model_data": 77}, "model": "item/food/smoothie/grape_smoothie"},
		{ "predicate": {"custom_model_data": 78}, "model": "item/food/smoothie/strawberry_smoothie"},
		{ "predicate": {"custom_model_data": 79}, "model": "item/food/smoothie/mixed_fruit_smoothie"},
		{ "predicate": {"custom_model_data": 80}, "model": "item/food/icecrush/apple_icecrush"},
		{ "predicate": {"custom_model_data": 81}, "model": "item/food/icecrush/berry_icecrush"},
		{ "predicate": {"custom_model_data": 82}, "model": "item/food/icecrush/grape_icecrush"},
		{ "predicate": {"custom_model_data": 83}, "model": "item/food/icecrush/lemon_icecrush"},
		{ "predicate": {"custom_model_data": 84}, "model": "item/food/icecrush/melon_icecrush"},
        { "predicate": {"custom_model_data": 85}, "model": "item/food/icecrush/mixed_fruit_icecrush"},
		{ "predicate": {"custom_model_data": 86}, "model": "item/food/icecrush/orange_icecrush"},
		{ "predicate": {"custom_model_data": 87}, "model": "item/food/icecrush/strawberry_icecrush"}
	]
}