{
	"parent": "item/handheld",
	"textures": {
		"layer0": "item/bread"
	},
	"overrides": [
		{ "predicate": {"custom_model_data": 50}, "model": "item/food/toast"},
		{ "predicate": {"custom_model_data": 51}, "model": "item/food/sub_bun"},
		{ "predicate": {"custom_model_data": 52}, "model": "item/food/cut_bread"},
		{ "predicate": {"custom_model_data": 53}, "model": "item/food/hotdog_bun"},
		{ "predicate": {"custom_model_data": 54}, "model": "item/food/tortilla"},
		{ "predicate": {"custom_model_data": 55}, "model": "item/food/muffin_bun"},
		{ "predicate": {"custom_model_data": 56}, "model": "item/food/burger_bun"}
	]
}