{
	"parent": "item/handheld",
	"textures": {
		"layer0": "item/cookie"
	},
	"overrides": [
		{ "predicate": {"custom_model_data": 50}, "model": "item/food/milk_chocolate"},
		{ "predicate": {"custom_model_data": 51}, "model": "item/food/white_chocolate"},
		{ "predicate": {"custom_model_data": 52}, "model": "item/food/dark_chocolate"},
		{ "predicate": {"custom_model_data": 53}, "model": "item/food/icecream_cone"},
		{ "predicate": {"custom_model_data": 54}, "model": "item/food/jello"},
		{ "predicate": {"custom_model_data": 55}, "model": "item/food/loukoum"},
		{ "predicate": {"custom_model_data": 56}, "model": "item/food/banana_icecream"},
		{ "predicate": {"custom_model_data": 57}, "model": "item/food/chocolate_icecream"},
		{ "predicate": {"custom_model_data": 58}, "model": "item/food/strawberry_icecream"},
		{ "predicate": {"custom_model_data": 59}, "model": "item/food/chocolate_donut"},
		{ "predicate": {"custom_model_data": 60}, "model": "item/food/coffee_donut"},
		{ "predicate": {"custom_model_data": 61}, "model": "item/food/iced_donut"},
		{ "predicate": {"custom_model_data": 62}, "model": "item/food/pink_ice_donut"},
		{ "predicate": {"custom_model_data": 63}, "model": "item/food/plain_donut"},
		{ "predicate": {"custom_model_data": 64}, "model": "item/food/strawberry_donut"},
		{ "predicate": {"custom_model_data": 65}, "model": "item/food/pink_cupcake"},
		{ "predicate": {"custom_model_data": 66}, "model": "item/food/blue_cupcake"},
		{ "predicate": {"custom_model_data": 69}, "model": "item/food/waffle"}
	]
}