{
	"parent": "item/handheld",
	"textures": {
		"layer0": "item/cooked_porkchop"
	},
	"overrides": [
		{ "predicate": {"custom_model_data": 50}, "model": "item/food/bacon_and_eggs"},
		{ "predicate": {"custom_model_data": 51}, "model": "item/food/cooked_bacon"},
		{ "predicate": {"custom_model_data": 52}, "model": "item/food/subs"},
		{ "predicate": {"custom_model_data": 53}, "model": "item/food/cooked_hotdog_sausage"},
		{ "predicate": {"custom_model_data": 54}, "model": "item/food/chicken_sub"}
	]
}