{
    "__comment": "Model generated using MrCrayfish's Model Creator (https://mrcrayfish.com/tools?id=mc)",
    "textures": {
        "crafting_table_top": "minecraft:table_textures/crafting_table_top",
        "oak_planks": "minecraft:table_textures/crafting_table_bottom",
        "crafting_table_front": "minecraft:table_textures/crafting_table_front",
        "crafting_table_side": "minecraft:table_textures/crafting_table_side"
    },
    "display": {
        "gui": {
            "rotation": [ 30, 225, 0 ],
            "translation": [ 0, 0, 0 ],
            "scale": [ 0.625, 0.625, 0.625 ]
        },
        "ground": {
            "rotation": [ 0, 0, 0 ],
            "translation": [ 0, 3, 0 ],
            "scale": [ 0.25, 0.25, 0.25 ]
        },
        "fixed": {
            "rotation": [ 0, 0, 0 ],
            "translation": [ 0, 0, 0 ],
            "scale": [ 0.5, 0.5, 0.5 ]
        },
        "head": {
            "rotation": [ 0, 0, 0 ],
            "translation": [ 0, -30.42, 0 ],
            "scale": [ 1.61, 1.61, 1.61 ]
        },
        "firstperson_righthand": {
            "rotation": [ 0, 45, 0 ],
            "translation": [ 0, 2.4, 0 ],
            "scale": [ 0.4, 0.4, 0.4 ]
        },
        "thirdperson_righthand": {
            "rotation": [ 55, 48, 0 ],
            "translation": [ 0, 1.5, 0 ],
            "scale": [ 0.375, 0.375, 0.375 ]
        }
    },
    "elements": [
        {
            "from": [ 0, 0, 0 ], 
            "to": [ 16, 16, 16 ], 
            "faces": {
                "north": { "texture": "#crafting_table_side", "uv": [ 0, 0, 16, 16 ] },
                "east": { "texture": "#crafting_table_front", "uv": [ 0, 0, 16, 16 ] },
                "south": { "texture": "#crafting_table_front", "uv": [ 0, 0, 16, 16 ] },
                "west": { "texture": "#crafting_table_side", "uv": [ 0, 0, 16, 16 ] },
                "up": { "texture": "#crafting_table_top", "uv": [ 0, 0, 16, 16 ] },
                "down": { "texture": "#oak_planks", "uv": [ 0, 0, 16, 16 ] }
            }
        }
    ]
}