{
	"parent": "item/handheld",
	"textures": {
		"layer0": "item/dried_kelp"
	},
	"overrides": [
		{ "predicate": {"custom_model_data": 50}, "model": "item/food/pickles"},
		{ "predicate": {"custom_model_data": 51}, "model": "item/food/apple_slice"},
		{ "predicate": {"custom_model_data": 52}, "model": "item/food/orange_slice"},
		{ "predicate": {"custom_model_data": 53}, "model": "item/food/popcorn"},
		{ "predicate": {"custom_model_data": 54}, "model": "item/food/fruit/sliced_tomato"},
		{ "predicate": {"custom_model_data": 55}, "model": "item/food/vegi/sliced_lettuce"},
		{ "predicate": {"custom_model_data": 56}, "model": "item/food/brown_sugar"}
	]
}