{
	"parent": "item/handheld",
	"textures": {
		"layer0": "item/golden_apple"
	},
	"overrides": [
		{ "predicate": {"custom_model_data": 50}, "model": "item/food/hamburger"},
		{ "predicate": {"custom_model_data": 51}, "model": "item/food/veganburger"},
		{ "predicate": {"custom_model_data": 52}, "model": "item/food/jelly_sandwitch"},
		{ "predicate": {"custom_model_data": 53}, "model": "item/food/round_cheese"},
		{ "predicate": {"custom_model_data": 54}, "model": "item/food/bacon_egg_muffin"},
		{ "predicate": {"custom_model_data": 55}, "model": "item/food/fruit/golden_strawberry"},
		{ "predicate": {"custom_model_data": 56}, "model": "item/food/fruit/golden_orange"},
		{ "predicate": {"custom_model_data": 57}, "model": "item/food/fruit/golden_lemon"},
		{ "predicate": {"custom_model_data": 58}, "model": "item/food/fruit/golden_grape"},
		{ "predicate": {"custom_model_data": 59}, "model": "item/food/donut/golden_donut"},
		{ "predicate": {"custom_model_data": 60}, "model": "item/food/fruit/golden_banana"},
		{ "predicate": {"custom_model_data": 61}, "model": "item/food/fruit/golden_sweet_berries"}
	]
}