{
	"parent": "item/handheld",
	"textures": {
		"layer0": "item/pufferfish"
	},
	"overrides": [
		{ "predicate": {"custom_model_data": 50}, "model": "item/food/bottled_cidar"},
		{ "predicate": {"custom_model_data": 51}, "model": "item/food/bottled_red_wine"},
		{ "predicate": {"custom_model_data": 52}, "model": "item/food/cidar"},
		{ "predicate": {"custom_model_data": 53}, "model": "item/food/red_wine"},
		{ "predicate": {"custom_model_data": 54}, "model": "item/food/white_wine"},
		{ "predicate": {"custom_model_data": 55}, "model": "item/food/bottled_white_wine"},
		{ "predicate": {"custom_model_data": 56}, "model": "item/food/beer_bottle"},
		{ "predicate": {"custom_model_data": 57}, "model": "item/food/beer"}
		
	]
}