{
	"parent": "item/handheld",
	"textures": {
		"layer0": "item/pumpkin_pie"
	},
	"overrides": [
		{ "predicate": {"custom_model_data": 50}, "model": "item/food/apple_pie"},
		{ "predicate": {"custom_model_data": 51}, "model": "item/food/cheese_pie"},
		{ "predicate": {"custom_model_data": 52}, "model": "item/food/chicken_pie"},
		{ "predicate": {"custom_model_data": 53}, "model": "item/food/chocolate_pie"},
		{ "predicate": {"custom_model_data": 54}, "model": "item/food/golden_apple_pie"},
		{ "predicate": {"custom_model_data": 55}, "model": "item/food/lemon_pie"},
		{ "predicate": {"custom_model_data": 56}, "model": "item/food/pie_base"},
		{ "predicate": {"custom_model_data": 57}, "model": "item/food/pork_pie"},
		{ "predicate": {"custom_model_data": 58}, "model": "item/food/steak_pie"},
		{ "predicate": {"custom_model_data": 59}, "model": "item/food/strawberry_pie"},
		{ "predicate": {"custom_model_data": 60}, "model": "item/food/grape_pie"},
		{ "predicate": {"custom_model_data": 61}, "model": "item/food/toffee_pie"},
		{ "predicate": {"custom_model_data": 62}, "model": "item/food/berry_pie"}
	]
}