{
    "__comment": "Model generated using MrCrayfish's Model Creator (https://mrcrayfish.com/tools?id=mc)",
    "textures": {
        "yellow_stained_glass": "minecraft:block/yellow_stained_glass",
        "white_concrete": "minecraft:block/white_concrete"
    },
    "display": {
        "gui": {
            "rotation": [ 30, 45, 0 ],
            "translation": [ 0, 5.9, 0 ],
            "scale": [ 1.4, 1.5, 1.4 ]
        },
        "ground": {
            "rotation": [ 0, 0, 0 ],
            "translation": [ 0, 3, 0 ],
            "scale": [ 0.5, 0.5, 0.5 ]
        },
        "fixed": {
            "rotation": [ 270, 0, 0 ],
            "translation": [ 0, 0, -8 ],
            "scale": [ 1.5, 1.5, 1.5 ]
        },
        "firstperson_righthand": {
            "rotation": [ 0, 315, 0 ],
            "translation": [ 0, 5.5, 0 ],
            "scale": [ 1, 1, 1 ]
        },
        "thirdperson_righthand": {
            "rotation": [ 66, 272, 70 ],
            "translation": [ 0, 2, 0 ],
            "scale": [ 0.5, 0.5, 0.5 ]
        }
    },
    "elements": [
        {
            "from": [ 5, 0, 5 ], 
            "to": [ 11, 1, 11 ], 
            "faces": {
                "north": { "texture": "#white_concrete", "uv": [ 0, 0, 6, 1 ] },
                "east": { "texture": "#white_concrete", "uv": [ 0, 0, 6, 1 ] },
                "south": { "texture": "#white_concrete", "uv": [ 0, 0, 6, 1 ] },
                "west": { "texture": "#white_concrete", "uv": [ 0, 0, 6, 1 ] },
                "up": { "texture": "#white_concrete", "uv": [ 0, 0, 6, 6 ] },
                "down": { "texture": "#white_concrete", "uv": [ 0, 0, 6, 6 ] }
            }
        },
        {
            "from": [ 5, 1, 6 ], 
            "to": [ 6, 6.5, 10 ], 
            "faces": {
                "north": { "texture": "#white_concrete", "uv": [ 0, 0, 1, 5.5 ] },
                "east": { "texture": "#white_concrete", "uv": [ 1, 0, 5, 5.5 ] },
                "south": { "texture": "#white_concrete", "uv": [ 0, 0, 1, 5.5 ] },
                "west": { "texture": "#white_concrete", "uv": [ 1, 0, 5, 5.5 ] },
                "up": { "texture": "#white_concrete", "uv": [ 0, 0, 1, 4 ] },
                "down": { "texture": "#white_concrete", "uv": [ 0, 0, 1, 4 ] }
            }
        },
        {
            "from": [ 10, 1, 6 ], 
            "to": [ 11, 6.5, 10 ], 
            "faces": {
                "north": { "texture": "#white_concrete", "uv": [ 4, 4, 5, 9.5 ] },
                "east": { "texture": "#white_concrete", "uv": [ 1, 0, 5, 6 ] },
                "south": { "texture": "#white_concrete", "uv": [ 0, 0, 1, 5.5 ] },
                "west": { "texture": "#white_concrete", "uv": [ 1, 0, 5, 5.5 ] },
                "up": { "texture": "#white_concrete", "uv": [ 0, 0, 1, 4 ] },
                "down": { "texture": "#white_concrete", "uv": [ 0, 0, 1, 4 ] }
            }
        },
        {
            "from": [ 5, 1, 5 ], 
            "to": [ 11, 6.5, 6 ], 
            "faces": {
                "north": { "texture": "#white_concrete", "uv": [ 1, 0, 9, 5 ] },
                "east": { "texture": "#white_concrete", "uv": [ 0, 0, 1, 5.5 ] },
                "south": { "texture": "#white_concrete", "uv": [ 1, 0, 7, 5.5 ] },
                "west": { "texture": "#white_concrete", "uv": [ 0, 0, 1, 5.5 ] },
                "up": { "texture": "#white_concrete", "uv": [ 0, 0, 6, 1 ] },
                "down": { "texture": "#white_concrete", "uv": [ 0, 0, 6, 1 ] }
            }
        },
        {
            "from": [ 5, 1, 10 ], 
            "to": [ 11, 6.5, 11 ], 
            "faces": {
                "north": { "texture": "#white_concrete", "uv": [ 1, 0, 7, 5.5 ] },
                "east": { "texture": "#white_concrete", "uv": [ 0, 0, 1, 5.5 ] },
                "south": { "texture": "#white_concrete", "uv": [ 1, 0, 7, 5.5 ] },
                "west": { "texture": "#white_concrete", "uv": [ 0, 0, 1, 5.5 ] },
                "up": { "texture": "#white_concrete", "uv": [ 0, 0, 6, 1 ] },
                "down": { "texture": "#white_concrete", "uv": [ 0, 0, 6, 1 ] }
            }
        },
        {
            "from": [ 6, 1, 6 ], 
            "to": [ 10, 6, 10 ], 
            "faces": {
                "north": { "texture": "#yellow_stained_glass", "uv": [ 5, 4, 9, 9 ] },
                "east": { "texture": "#yellow_stained_glass", "uv": [ 3, 5, 7, 10 ] },
                "south": { "texture": "#yellow_stained_glass", "uv": [ 6, 6, 9, 11 ] },
                "west": { "texture": "#yellow_stained_glass", "uv": [ 4, 4, 8, 9 ] },
                "up": { "texture": "#yellow_stained_glass", "uv": [ 7, 5, 11, 9 ] },
                "down": { "texture": "#yellow_stained_glass", "uv": [ 7, 2, 12, 6 ] }
            }
        }
    ]
}