{
    "__comment": "Model generated using MrCrayfish's Model Creator (https://mrcrayfish.com/tools?id=mc)",
    "textures": {
        "black_concrete_powder": "minecraft:block/black_concrete_powder",
        "emerald_block": "minecraft:block/emerald_block",
        "light_gray_concrete": "minecraft:block/light_gray_concrete"
    },
    "display": {
        "gui": {
            "rotation": [ 30, 36, 328 ],
            "translation": [ 5, 12, 0 ],
            "scale": [ 2.625, 2.625, 2.625 ]
        },
        "ground": {
            "rotation": [ 30, 36, 328 ],
            "translation": [ 0, 3, 0 ],
            "scale": [ 1.5, 1.5, 1.5 ]
        },
        "fixed": {
            "rotation": [ 0, 0, 29 ],
            "translation": [ -2, 4, 0 ],
            "scale": [ 2, 2, 2 ]
        },
        "head": {
            "rotation": [ 90, 128, 9 ],
            "translation": [ -1.6, -6, 1 ],
            "scale": [ 2, 2, 2 ]
        },
        "firstperson_righthand": {
            "rotation": [ 0, 310, 0 ],
            "translation": [ 0, 8.5, 0 ],
            "scale": [ 1.4, 1.4, 1.4 ]
        },
        "thirdperson_righthand": {
            "rotation": [ 0, 90, 0 ],
            "translation": [ 0, 6.9, 1.2 ],
            "scale": [ 1.375, 1.375, 1.375 ]
        }
    },
    "elements": [
        {
            "from": [ 7.5, 0, 7.65 ], 
            "to": [ 8.5, 3, 8.35 ], 
            "faces": {
                "north": { "texture": "#black_concrete_powder", "uv": [ 0, 0, 1, 3 ] },
                "east": { "texture": "#black_concrete_powder", "uv": [ 13, 5, 13.7, 8 ] },
                "south": { "texture": "#black_concrete_powder", "uv": [ 7, 8, 8, 11 ] },
                "west": { "texture": "#black_concrete_powder", "uv": [ 4, 5, 5, 8 ] },
                "down": { "texture": "#black_concrete_powder", "uv": [ 0, 0, 1, 0.7 ] }
            }
        },
        {
            "from": [ 7.4, 3, 7.4 ], 
            "to": [ 8.6, 3.2, 8.6 ], 
            "faces": {
                "north": { "texture": "#light_gray_concrete", "uv": [ 0, 0, 1.2, 0.2 ] },
                "east": { "texture": "#light_gray_concrete", "uv": [ 0, 0, 1.2, 0.2 ] },
                "south": { "texture": "#light_gray_concrete", "uv": [ 0, 0, 1.2, 0.2 ] },
                "west": { "texture": "#light_gray_concrete", "uv": [ 0, 0, 1.2, 0.2 ] },
                "up": { "texture": "#light_gray_concrete", "uv": [ 0, 0, 1.2, 1.2 ] },
                "down": { "texture": "#light_gray_concrete", "uv": [ 0, 0, 1.2, 1.2 ] }
            }
        },
        {
            "from": [ 7.5, 3.2, 7.75 ], 
            "to": [ 7.8, 5.2, 8.25 ], 
            "shade": false,
            "faces": {
                "north": { "texture": "#emerald_block", "uv": [ 1, 0, 2, 3 ] },
                "east": { "texture": "#emerald_block", "uv": [ 0, 0, 0.5, 2 ] },
                "south": { "texture": "#emerald_block", "uv": [ 13, 5, 14, 8 ] },
                "west": { "texture": "#emerald_block", "uv": [ 14, 7, 13, 4.2 ] },
                "up": { "texture": "#emerald_block", "uv": [ 0, 0, 0.3, 0.5 ] }
            }
        },
        {
            "from": [ 6.07, 5.67, 7.76 ], 
            "to": [ 6.37, 6.38, 8.24 ], 
            "rotation": { "origin": [ 8.0, 8.0, 8.0 ], "axis": "z", "angle": 45.0 },
            "faces": {
                "north": { "texture": "#emerald_block", "uv": [ 3, 0, 4.3, 2.71 ] },
                "east": { "texture": "#emerald_block", "uv": [ 0, 0, 1.48, 2.71 ] },
                "south": { "texture": "#emerald_block", "uv": [ 0, 0, 2.3, 2.71 ] },
                "west": { "texture": "#emerald_block", "uv": [ 0, 0, 0.48, 0.71 ] },
                "up": { "texture": "#emerald_block", "uv": [ 0, 0, 0.3, 0.48 ] },
                "down": { "texture": "#emerald_block", "uv": [ 0, 0, 0.3, 0.48 ] }
            }
        },
        {
            "from": [ 8.2, 3.2, 7.75 ], 
            "to": [ 8.5, 5.2, 8.25 ], 
            "shade": false,
            "faces": {
                "north": { "texture": "#emerald_block", "uv": [ 10, 4, 11, 7 ] },
                "east": { "texture": "#emerald_block", "uv": [ 12, 8, 13.5, 11 ] },
                "south": { "texture": "#emerald_block", "uv": [ 2, 4, 3.3, 6.5 ] },
                "west": { "texture": "#emerald_block", "uv": [ 0, 0, 0.5, 2 ] },
                "up": { "texture": "#emerald_block", "uv": [ 0, 0, 0.3, 0.5 ] }
            }
        },
        {
            "from": [ 7.8, 3.2, 7.77 ], 
            "to": [ 8.2, 5.3, 8.23 ], 
            "shade": false,
            "faces": {
                "north": { "texture": "#emerald_block", "uv": [ 13, 12, 14, 16 ] },
                "east": { "texture": "#emerald_block", "uv": [ 0, 0, 0.46, 2.1 ] },
                "south": { "texture": "#emerald_block", "uv": [ 8, 4, 10.3, 7.5 ] },
                "west": { "texture": "#emerald_block", "uv": [ 0, 0, 0.46, 2.1 ] },
                "up": { "texture": "#emerald_block", "uv": [ 0, 0, 0.4, 0.46 ] }
            }
        },
        {
            "from": [ 9.62, 5.67, 7.76 ], 
            "to": [ 9.92, 6.08, 8.24 ], 
            "rotation": { "origin": [ 8.0, 8.0, 8.0 ], "axis": "z", "angle": -45.0 },
            "faces": {
                "north": { "texture": "#emerald_block", "uv": [ 0, 0, 1.3, 1.41 ] },
                "east": { "texture": "#emerald_block", "uv": [ 0, 0, 1.48, 1.41 ] },
                "south": { "texture": "#emerald_block", "uv": [ 0, 0, 1.3, 1.41 ] },
                "west": { "texture": "#emerald_block", "uv": [ 0, 0, 1.48, 1.41 ] },
                "up": { "texture": "#emerald_block", "uv": [ 0, 0, 1.3, 1.48 ] },
                "down": { "texture": "#emerald_block", "uv": [ 0, 0, 0.3, 0.48 ] }
            }
        },
        {
            "from": [ 7.49, -0.01, 7.9 ], 
            "to": [ 8.51, 3, 8 ], 
            "faces": {
                "north": { "texture": "#light_gray_concrete", "uv": [ 0, 0, 1.02, 3.01 ] },
                "east": { "texture": "#light_gray_concrete", "uv": [ 0, 0, 0.1, 3.01 ] },
                "south": { "texture": "#light_gray_concrete", "uv": [ 0, 0, 1.02, 3.01 ] },
                "west": { "texture": "#light_gray_concrete", "uv": [ 0, 0, 0.1, 3.01 ] },
                "down": { "texture": "#light_gray_concrete", "uv": [ 0, 0, 1.02, 0.1 ] }
            }
        },
        {
            "from": [ 8.09, 0.39, 7.64 ], 
            "to": [ 8.29, 0.59, 8.36 ], 
            "faces": {
                "north": { "texture": "#light_gray_concrete", "uv": [ 0, 0, 0.2, 0.2 ] },
                "east": { "texture": "#light_gray_concrete", "uv": [ 0, 0, 0.72, 0.2 ] },
                "south": { "texture": "#light_gray_concrete", "uv": [ 0, 0, 0.2, 0.2 ] },
                "west": { "texture": "#light_gray_concrete", "uv": [ 0, 0, 0.72, 0.2 ] },
                "up": { "texture": "#light_gray_concrete", "uv": [ 0, 0, 0.2, 0.72 ] },
                "down": { "texture": "#light_gray_concrete", "uv": [ 0, 0, 0.2, 0.72 ] }
            }
        },
        {
            "from": [ 8.09, 1.19, 7.64 ], 
            "to": [ 8.29, 1.39, 8.36 ], 
            "faces": {
                "north": { "texture": "#light_gray_concrete", "uv": [ 0, 0, 0.2, 0.2 ] },
                "east": { "texture": "#light_gray_concrete", "uv": [ 0, 0, 0.72, 0.2 ] },
                "south": { "texture": "#light_gray_concrete", "uv": [ 0, 0, 0.2, 0.2 ] },
                "west": { "texture": "#light_gray_concrete", "uv": [ 0, 0, 0.72, 0.2 ] },
                "up": { "texture": "#light_gray_concrete", "uv": [ 0, 0, 0.2, 0.72 ] },
                "down": { "texture": "#light_gray_concrete", "uv": [ 0, 0, 0.2, 0.72 ] }
            }
        },
        {
            "from": [ 8.09, 1.99, 7.64 ], 
            "to": [ 8.29, 2.19, 8.36 ], 
            "faces": {
                "north": { "texture": "#light_gray_concrete", "uv": [ 0, 0, 0.2, 0.2 ] },
                "east": { "texture": "#light_gray_concrete", "uv": [ 0, 0, 0.72, 0.2 ] },
                "south": { "texture": "#light_gray_concrete", "uv": [ 0, 0, 0.2, 0.2 ] },
                "west": { "texture": "#light_gray_concrete", "uv": [ 0, 0, 0.72, 0.2 ] },
                "up": { "texture": "#light_gray_concrete", "uv": [ 0, 0, 0.2, 0.72 ] },
                "down": { "texture": "#light_gray_concrete", "uv": [ 0, 0, 0.2, 0.72 ] }
            }
        }
    ]
}