{
    "__comment": "Model generated using MrCrayfish's Model Creator (https://mrcrayfish.com/tools?id=mc)",
    "textures": {
        "oak_planks": "minecraft:block/oak_planks"
    },
    "display": {
        "gui": {
            "rotation": [ 30, 37, 328 ],
            "translation": [ 1.5, 2.7, 0 ],
            "scale": [ 1.5, 1.5, 1.5 ]
        },
        "ground": {
            "rotation": [ 0, 270, 331 ],
            "translation": [ 0, 3, 0 ],
            "scale": [ 1.5, 1.5, 1.5 ]
        },
        "fixed": {
            "rotation": [ 6, 171, 330 ],
            "translation": [ -1, 1.2, 0 ],
            "scale": [ 1.5, 1.5, 1.5 ]
        },
        "head": {
            "rotation": [ 90, 128, 9 ],
            "translation": [ -1.6, -6, 1 ],
            "scale": [ 2, 2, 2 ]
        },
        "firstperson_righthand": {
            "rotation": [ 0, 353, 0 ],
            "translation": [ 0, 2.5, 0 ],
            "scale": [ 1.4, 1.4, 1.4 ]
        },
        "thirdperson_righthand": {
            "rotation": [ 0, 0, 0 ],
            "translation": [ 0, 2.74, 1.2 ],
            "scale": [ 1.375, 1.375, 1.375 ]
        }
    },
    "elements": [
        {
            "from": [ 7.5, 0, 7.5 ], 
            "to": [ 8.5, 9, 8.5 ], 
            "faces": {
                "north": { "texture": "#oak_planks", "uv": [ 0, 0, 1, 9 ] },
                "east": { "texture": "#oak_planks", "uv": [ 0, 0, 1, 9 ] },
                "south": { "texture": "#oak_planks", "uv": [ 0, 0, 1, 9 ] },
                "west": { "texture": "#oak_planks", "uv": [ 0, 0, 1, 9 ] },
                "up": { "texture": "#oak_planks", "uv": [ 0, 0, 1, 1 ] },
                "down": { "texture": "#oak_planks", "uv": [ 0, 0, 1, 1 ] }
            }
        },
        {
            "from": [ 7, 9, 7.4 ], 
            "to": [ 9, 11.5, 8 ], 
            "faces": {
                "north": { "texture": "#oak_planks", "uv": [ 0, 0, 2, 2.5 ] },
                "east": { "texture": "#oak_planks", "uv": [ 0, 0, 0.6, 2.5 ] },
                "south": { "texture": "#oak_planks", "uv": [ 0, 0, 2, 2.5 ] },
                "west": { "texture": "#oak_planks", "uv": [ 0, 0, 0.6, 2.5 ] },
                "up": { "texture": "#oak_planks", "uv": [ 0, 0, 2, 0.6 ] },
                "down": { "texture": "#oak_planks", "uv": [ 0, 0, 2, 0.6 ] }
            }
        },
        {
            "from": [ 7, 8, 8 ], 
            "to": [ 9, 9, 8.6 ], 
            "faces": {
                "north": { "texture": "#oak_planks", "uv": [ 0, 0, 2, 1 ] },
                "east": { "texture": "#oak_planks", "uv": [ 0, 0, 0.6, 1 ] },
                "south": { "texture": "#oak_planks", "uv": [ 0, 0, 2, 1 ] },
                "west": { "texture": "#oak_planks", "uv": [ 0, 0, 0.6, 1 ] },
                "up": { "texture": "#oak_planks", "uv": [ 0, 0, 2, 0.6 ] },
                "down": { "texture": "#oak_planks", "uv": [ 0, 0, 2, 0.6 ] }
            }
        },
        {
            "from": [ 7, 11.5, 8 ], 
            "to": [ 9, 12.5, 8.6 ], 
            "faces": {
                "north": { "texture": "#oak_planks", "uv": [ 0, 0, 2, 1 ] },
                "east": { "texture": "#oak_planks", "uv": [ 0, 0, 0.6, 1 ] },
                "south": { "texture": "#oak_planks", "uv": [ 0, 0, 2, 1 ] },
                "west": { "texture": "#oak_planks", "uv": [ 0, 0, 0.6, 1 ] },
                "up": { "texture": "#oak_planks", "uv": [ 0, 0, 2, 0.6 ] },
                "down": { "texture": "#oak_planks", "uv": [ 0, 0, 2, 0.6 ] }
            }
        },
        {
            "from": [ 6, 9, 8 ], 
            "to": [ 7, 11.5, 8.6 ], 
            "faces": {
                "north": { "texture": "#oak_planks", "uv": [ 0, 0, 1, 2.5 ] },
                "east": { "texture": "#oak_planks", "uv": [ 0, 0, 0.6, 2.5 ] },
                "south": { "texture": "#oak_planks", "uv": [ 0, 0, 1, 2.5 ] },
                "west": { "texture": "#oak_planks", "uv": [ 0, 0, 0.6, 2.5 ] },
                "up": { "texture": "#oak_planks", "uv": [ 0, 0, 1, 0.6 ] },
                "down": { "texture": "#oak_planks", "uv": [ 0, 0, 1, 0.6 ] }
            }
        },
        {
            "from": [ 9, 9, 8 ], 
            "to": [ 10, 11.5, 8.6 ], 
            "faces": {
                "north": { "texture": "#oak_planks", "uv": [ 0, 0, 1, 2.5 ] },
                "east": { "texture": "#oak_planks", "uv": [ 0, 0, 0.6, 2.5 ] },
                "south": { "texture": "#oak_planks", "uv": [ 0, 0, 1, 2.5 ] },
                "west": { "texture": "#oak_planks", "uv": [ 0, 0, 0.6, 2.5 ] },
                "up": { "texture": "#oak_planks", "uv": [ 0, 0, 1, 0.6 ] },
                "down": { "texture": "#oak_planks", "uv": [ 0, 0, 1, 0.6 ] }
            }
        },
        {
            "from": [ 10.89, 9.07, 8 ], 
            "to": [ 11.89, 10.47, 8.6 ], 
            "rotation": { "origin": [ 8.0, 8.0, 8.0 ], "axis": "z", "angle": 45.0 },
            "faces": {
                "north": { "texture": "#oak_planks", "uv": [ 0, 0, 1, 1.4 ] },
                "east": { "texture": "#oak_planks", "uv": [ 0, 0, 0.6, 1.4 ] },
                "south": { "texture": "#oak_planks", "uv": [ 0, 0, 1, 1.4 ] },
                "west": { "texture": "#oak_planks", "uv": [ 0, 0, 0.6, 1.4 ] },
                "up": { "texture": "#oak_planks", "uv": [ 0, 0, 1, 0.6 ] },
                "down": { "texture": "#oak_planks", "uv": [ 0, 0, 1, 0.6 ] }
            }
        },
        {
            "from": [ 7.71, 8.71, 8 ], 
            "to": [ 8.71, 10.12, 8.6 ], 
            "rotation": { "origin": [ 8.0, 8.0, 8.0 ], "axis": "z", "angle": -45.0 },
            "faces": {
                "north": { "texture": "#oak_planks", "uv": [ 0, 0, 1, 1.41 ] },
                "east": { "texture": "#oak_planks", "uv": [ 0, 0, 0.6, 1.41 ] },
                "south": { "texture": "#oak_planks", "uv": [ 0, 0, 1, 1.41 ] },
                "west": { "texture": "#oak_planks", "uv": [ 0, 0, 0.6, 1.41 ] },
                "up": { "texture": "#oak_planks", "uv": [ 0, 0, 1, 0.6 ] },
                "down": { "texture": "#oak_planks", "uv": [ 0, 0, 1, 0.6 ] }
            }
        },
        {
            "from": [ 4.11, 9.06, 8 ], 
            "to": [ 5.11, 10.47, 8.6 ], 
            "rotation": { "origin": [ 8.0, 8.0, 8.0 ], "axis": "z", "angle": -45.0 },
            "faces": {
                "north": { "texture": "#oak_planks", "uv": [ 0, 0, 1, 1.41 ] },
                "east": { "texture": "#oak_planks", "uv": [ 0, 0, 0.6, 1.41 ] },
                "south": { "texture": "#oak_planks", "uv": [ 0, 0, 1, 1.41 ] },
                "west": { "texture": "#oak_planks", "uv": [ 0, 0, 0.6, 1.41 ] },
                "up": { "texture": "#oak_planks", "uv": [ 0, 0, 1, 0.6 ] },
                "down": { "texture": "#oak_planks", "uv": [ 0, 0, 1, 0.6 ] }
            }
        },
        {
            "from": [ 7.29, 8.72, 8 ], 
            "to": [ 8.29, 10.12, 8.6 ], 
            "rotation": { "origin": [ 8.0, 8.0, 8.0 ], "axis": "z", "angle": 45.0 },
            "faces": {
                "north": { "texture": "#oak_planks", "uv": [ 0, 0, 1, 1.4 ] },
                "east": { "texture": "#oak_planks", "uv": [ 0, 0, 0.6, 1.4 ] },
                "south": { "texture": "#oak_planks", "uv": [ 0, 0, 1, 1.4 ] },
                "west": { "texture": "#oak_planks", "uv": [ 0, 0, 0.6, 1.4 ] },
                "up": { "texture": "#oak_planks", "uv": [ 0, 0, 1, 0.6 ] },
                "down": { "texture": "#oak_planks", "uv": [ 0, 0, 1, 0.6 ] }
            }
        },
        {
            "from": [ 8.29, 9, 6.87 ], 
            "to": [ 9.29, 11.5, 7.47 ], 
            "rotation": { "origin": [ 8.0, 8.0, 8.0 ], "axis": "y", "angle": -45.0 },
            "faces": {
                "north": { "texture": "#oak_planks", "uv": [ 0, 0, 1, 2.5 ] },
                "east": { "texture": "#oak_planks", "uv": [ 0, 0, 0.6, 2.5 ] },
                "south": { "texture": "#oak_planks", "uv": [ 0, 0, 1, 2.5 ] },
                "west": { "texture": "#oak_planks", "uv": [ 0, 0, 0.6, 2.5 ] },
                "up": { "texture": "#oak_planks", "uv": [ 0, 0, 1, 0.6 ] },
                "down": { "texture": "#oak_planks", "uv": [ 0, 0, 1, 0.6 ] }
            }
        },
        {
            "from": [ 7, 10.05, 5.1 ], 
            "to": [ 9, 10.95, 5.7 ], 
            "rotation": { "origin": [ 8.0, 8.0, 8.0 ], "axis": "x", "angle": 45.0 },
            "faces": {
                "north": { "texture": "#oak_planks", "uv": [ 0, 0, 2, 0.9 ] },
                "east": { "texture": "#oak_planks", "uv": [ 0, 0, 0.6, 0.9 ] },
                "south": { "texture": "#oak_planks", "uv": [ 0, 0, 2, 0.9 ] },
                "west": { "texture": "#oak_planks", "uv": [ 0, 0, 0.6, 0.9 ] },
                "up": { "texture": "#oak_planks", "uv": [ 0, 0, 2, 0.6 ] },
                "down": { "texture": "#oak_planks", "uv": [ 0, 0, 2, 0.6 ] }
            }
        },
        {
            "from": [ 6.72, 9, 6.85 ], 
            "to": [ 7.72, 11.5, 7.45 ], 
            "rotation": { "origin": [ 8.0, 8.0, 8.0 ], "axis": "y", "angle": 45.0 },
            "faces": {
                "north": { "texture": "#oak_planks", "uv": [ 0, 0, 1, 2.5 ] },
                "east": { "texture": "#oak_planks", "uv": [ 0, 0, 0.6, 2.5 ] },
                "south": { "texture": "#oak_planks", "uv": [ 0, 0, 1, 2.5 ] },
                "west": { "texture": "#oak_planks", "uv": [ 0, 0, 0.6, 2.5 ] },
                "up": { "texture": "#oak_planks", "uv": [ 0, 0, 1, 0.6 ] },
                "down": { "texture": "#oak_planks", "uv": [ 0, 0, 1, 0.6 ] }
            }
        },
        {
            "from": [ 7, 8.24, 8.29 ], 
            "to": [ 9, 9.14, 8.89 ], 
            "rotation": { "origin": [ 8.0, 8.0, 8.0 ], "axis": "x", "angle": -45.0 },
            "faces": {
                "north": { "texture": "#oak_planks", "uv": [ 0, 0, 2, 0.9 ] },
                "east": { "texture": "#oak_planks", "uv": [ 0, 0, 0.6, 0.9 ] },
                "south": { "texture": "#oak_planks", "uv": [ 0, 0, 2, 0.9 ] },
                "west": { "texture": "#oak_planks", "uv": [ 0, 0, 0.6, 0.9 ] },
                "up": { "texture": "#oak_planks", "uv": [ 0, 0, 2, 0.6 ] },
                "down": { "texture": "#oak_planks", "uv": [ 0, 0, 2, 0.6 ] }
            }
        }
    ]
}